<?xml version="1.0" encoding="UTF-8" ?>
<!--
 Licensed to the Apache Software Foundation (ASF) under one or more
 contributor license agreements.  See the NOTICE file distributed with
 this work for additional information regarding copyright ownership.
 The ASF licenses this file to You under the Apache License, Version 2.0
 (the "License"); you may not use this file except in compliance with
 the License.  You may obtain a copy of the License at

     http://www.apache.org/licenses/LICENSE-2.0

 Unless required by applicable law or agreed to in writing, software
 distributed under the License is distributed on an "AS IS" BASIS,
 WITHOUT WARRANTIES OR CONDITIONS OF ANY KIND, either express or implied.
 See the License for the specific language governing permissions and
 limitations under the License.
-->

<!--
 This is a stripped down config file used for a simple example...  
 It is *not* a good example to work from. 
-->
<config>
  <luceneMatchVersion>LUCENE_36</luceneMatchVersion>
  <!--  The DirectoryFactory to use for indexes.
        solr.StandardDirectoryFactory, the default, is filesystem based.
        solr.RAMDirectoryFactory is memory based, not persistent, and doesn't work with replication. -->
  <directoryFactory name="DirectoryFactory" class="${solr.directoryFactory:solr.StandardDirectoryFactory}"/>

  <updateHandler class="solr.DirectUpdateHandler2" />

  <requestDispatcher handleSelect="true" >
    <requestParsers enableRemoteStreaming="false" multipartUploadLimitInKB="2048" />
  </requestDispatcher>
  
  <requestHandler name="standard" class="solr.StandardRequestHandler" default="true" />
  <requestHandler name="/update" class="solr.XmlUpdateRequestHandler" />
  <requestHandler name="/admin/" class="org.apache.solr.handler.admin.AdminHandlers" />
      
  <!-- config for the admin interface --> 
  <admin>
    <defaultQuery>solr</defaultQuery>
  </admin>

</config>

